text_id,n_products
hqrt7lw,1
hqs1aeh,2
hqs7u29,2
hqsgolp,3
hqt14xp,2
hqt21pc,1
hqt76s9,1
hqt9umi,1
hqt9ym4,2
hqtcd7f,1
hqtd46w,1
hqtg7xt,1
hqto7y4,1
hqtp822,3
hqu4c9b,1
hqui556,2
hquu3dq,1
hqvhvfg,3
hqvwzt7,3
hqwf7bj,2
hqwkdfx,3
hqwte7r,3
hqxei68,2
hqxxbfr,2
hqxxk1t,1
hqy5aqy,1
hqydtpy,2
hqyu5a4,2
hqz1w25,1
hqzb3z8,2
hr01w3f,1
hr05m2e,1
hr0fpa3,2
hr0qgni,1
hr0qqir,1
hr11f0j,2
hr180kc,2
hr1ed85,2
hr1fykv,2
hr1s7ja,2
hr1uds3,2
hr2110g,2
hr259mi,1
hr26jg8,1
hr287lw,2
hr30942,1
hr3fp67,2
hr3sto5,2
hr3tf6o,1
hr3tw19,1
hr5vknj,1
hr6361w,1
hr69q69,1
hr6c04k,2
hr73afc,1
hr7mziv,3
hr8hr6l,2
hr8xrd3,2
hr9dhqm,1
hr9hjtc,2
hr9k8mr,2
hr9oba2,2
hr9tquk,1
hr9z8vp,1
hrao0uy,1
hrb78oj,2
hrba88x,1
hrdai2o,1
hrduer3,1
hrf8g1k,2
hrfq8pg,2
hrhfxsj,2
hrifsy7,1
hriut8m,2
hrjct8a,1
hrk1nva,1
hrku7ot,3
hrlmwst,1
hrluyh9,1
hrmdbow,1
hrmdi21,2
hroroom,2
hrpxhfm,1
hrpxwwm,3
hrr2wiw,3
hrsh4ge,2
hrsix9v,2
hrt51ch,3
hrvihsv,1
hrvr45w,1
hrx2bj1,2
hrxayhh,1
hryri8h,2
hrz3u09,1
hs4gj4r,3
hs5sb2n,2
hs6epi6,1
hs7swz3,1
hs81o6h,1
hs8y2zv,1
hsa1bxq,1
hsb1ux7,1
hsb6gzl,2
hsbecwy,1
hsccyxi,1
hscu291,1
hsd2n6m,1
hsdv42v,1
hsebpjc,1
hsgyrea,5
hsjjjkm,2
hsl1mqw,1
hsm207v,1
hsnfb17,1
hsnpqdc,2
hso0u5h,4
hsrgau4,1
hsswgph,1
ht8e6fc,1
ht9wj19,2
hty91je,2
hu34pp4,3
huajbdi,1
hv31my7,1
hv350co,2
hv36bgo,2
hv3a1ou,2
hv3at8d,1
hv3ppor,2
hv3q3fd,2
hv3ytnt,2
hv48twp,1
hv4a9ag,1
hv54zpr,2
hv5g31b,1
hv5o3tx,2
hv6agra,2
hv6fc4u,1
hv6kawd,2
hv71bnb,1
hv7606g,1
hv7dnvj,3
hv7gtvn,1
hv7mmt7,2
hv8528z,1
hv85lsm,1
hv9ikew,3
hv9sh1v,2
hv9ymi0,4
hvahggc,1
hvamz1h,2
hvba4qb,3
hvbkoss,1
hvbs24e,1
hvbxcrw,1
hvchy3a,1
hvd6auf,1
hvdizt7,1
hvdp4mj,1
hvdp77c,2
hveoztf,1
hvexyfe,1
hvf5vkh,1
hvfb0cl,1
hvfkvdy,2
hvfmhto,2
hvg16ey,2
hvg637i,1
hvgg5nz,1
hvgjvzi,1
hvgnp0j,1
hvgsarw,2
hvhj56n,1
hvhpfus,3
hvhzyu5,1
hvkihs9,1
hvkj93s,1
hvkta2p,2
hvmpmgt,2
hvmup2j,1
hvn790s,3
hvpceek,1
hvrcy00,1
hvrjavk,1
hvrkds8,2
hvrlnlz,3
hvrn6rr,1
hvs0czh,1
hvs5b18,2
hvsmn62,2
hvulnzy,2
hvvumch,2
hvw3y0m,2
hvy5aqm,1
hw1q599,1
hw35buh,3
hw49qj7,1
hw556xc,3
hw8narv,1
hwbckfd,3
hwcz0qi,1
hwd1lec,2
hwd61k6,1
hwe785e,1
hwegifw,2
hwi6ut5,1
hwjlch2,2
hwmn0y8,1
hwn2ej8,4
hwpxv08,1
hwrgs8w,2
hwsc9d6,1
hwuvs3o,2
hwv7vtf,3
hwv9hio,2
hwwubat,1
hx1wq7v,3
hx2derg,3
hx78lpo,1
hxan0wv,2
hxbk5b7,2
hxbsacb,1
hxnb71c,1
hxnhpbf,1
hxraef0,2
hxvaohq,3
hy0lm8e,1
hy9d4sr,2
hybnq7t,1
hyc6cx1,4
hyf0kh4,2
hym1n1y,1
hyqipqo,3
hyqnvsr,1
hyvbpfn,1
hyvcxze,2
hyvounq,2
hyvu3pi,1
hyvzxlc,3
hyw3wsi,1
hywc62b,2
hywvvh8,1
hyx2lqi,1
hyx4juf,2
hyx9o8r,1
hyxairp,2
hyxh5c7,2
hyxhnye,1
hyxo43a,1
hyxr7og,3
hyxto84,1
hyxvaa4,2
hyxysxa,1
hyy6592,1
hyy7p0q,2
hyy8p0z,2
hyyauel,2
hyyl4ly,2
hyynioc,1
hyyrvfh,1
hyz0kyo,2
hyz3r1o,1
hyzr9fy,1
hyzrxnj,1
hyzs9ms,1
hyzwc4j,1
hyzwrjt,2
hz01y17,2
hz0dvhs,2
hz0jse3,2
hz0l51q,2
hz15roc,2
hz1gdn7,1
hz1krid,2
hz1kwb9,1
hz2083n,1
hz31ob0,2
hz351pf,2
hz3633p,2
hz3uohe,3
hz46iy9,2
hz59ryg,1
hz5gas4,1
hz6c74d,1
hz7btq1,1
hz8em7i,2
hz8j3gt,1
hz8l2id,2
hz8qluf,1
hz9j9ei,1
hza05p6,2
hzc4yym,1
hzcs9re,1
hzcyq3x,1
hzd43br,1
hzgn9xr,2
hzgpyo6,3
hzgsoz8,1
hzlpx6z,1
hznr4uv,1
hzorcez,1
hzpf1ei,1
hzqkl2f,2
hzs31xw,3
hzs36up,2
hzsgl9c,1
hzssmrj,2
hztdnvr,1
hzutdua,2
hzv63mc,3
hzwdcoy,1
hzwuq3l,1
hzwwvqr,2
hzxcrez,1
hzze6ls,1
i00g0yv,1
i010i0t,2
i02mmrr,2
i046npa,3
i05ow7g,1
i07eihp,2
i09hp9h,2
i0a9e10,1
i0b26w0,2
i0g31dz,1
i0gujii,2
i0jd8ax,1
i0jnd5w,1
i0rqyab,1
i0ruh57,1
i0sm0dw,1
i0snizm,1
i0ttr4r,2
i13cf2p,1
i173etp,2
i1a555d,1
i1an5ex,3
i1dxohw,2
i1e8qc0,1
i1jlr8l,2
i1orvqn,1
i1srivx,2
i1v0t9n,1
i23nfth,2
i242dvr,2
i27rz60,3
i29qiyy,2
i2bg9el,1
i2bsj1y,4
i2c1aw7,2
i2izmsv,1
i2ni4u8,3
i2oh37p,2
i2x8ogv,1
i2x9toc,1
i2xggjj,1
i2xih3l,2
i2xuwq2,1
i2ytu14,1
i2z2qn3,1
i2z7vo0,1
i2za5uy,1
i2ze50u,2
i2zgv48,1
i2zv6wu,2
i30eeyb,1
i30ltrj,2
i30zm6g,1
i318cgq,2
i318tbq,2
i31blya,1
i31esm7,2
i31kcq2,1
i31ledp,2
i31lkqo,1
i324fp0,1
i32wjox,1
i33m4qc,1
i33wqz2,1
i3455zz,2
i34h7o7,2
i35qr6p,2
i35s3ll,1
i368nc4,3
i36t738,2
i37tk6s,2
i37ur47,3
i3a0exr,1
i3a1o1c,1
i3aa6pk,3
i3ak6x9,2
i3b0cyx,1
i3ck7cu,2
i3cucls,1
i3czugl,1
i3d05iz,2
i3d8t8m,2
i3dh22e,1
i3dhxcc,2
i3efajc,2
i3ek376,2
i3er50g,1
i3gb306,1
i3ho5jr,2
i3ifa1z,3
i3iquhv,2
i3jiumh,1
i3jof2f,2
i3m0z2t,2
i3m25lx,2
i3m9k3i,1
i3o5eho,1
i3ot7or,1
i3pak38,2
i3pottb,1
i3qcjly,1
i3qngik,1
i3r4v0p,1
i3r63br,1
i3s1wot,3
i3t00gj,1
i3tfs9u,3
i3uislm,2
i3uvh7l,1
i3v83yv,2
i3xkk21,2
i3xm3sj,1
i3yjw6q,3
i3ywg5b,1
i41bg9o,1
i41jdwz,1
i41pr2c,2
i43s5av,2
i44hv4d,3
i49vd4c,1
i4azqku,2
i4b1smh,1
i4bfs8r,2
i4c0356,3
i4egyce,2
i4fcjww,2
i4hsr5p,1
i4jx3t2,2
i4l82o3,1
i4m1u7z,2
i4p2un3,2
i4ry6x9,1
i4saxrl,1
i4vsi46,3
i4yvew5,1
i4z994z,3
i4zn6vg,2
i52sn4y,1
i55wt3t,2
i566plf,2
i591v11,1
i5aq62k,1
i5ceuyv,2
i5ij2wa,2
i5n8imu,3
i5ndev8,1
i60wu6g,5
i66zw1a,3
i69mc59,3
i6a74h0,1
i6ezliz,3
i6nceiy,1
i6uwelz,1
i6vctw7,1
i6vpyca,2
i6vrqa7,2
i6wnwih,1
i6wr4a4,2
i6wwpdp,1
i6wx9il,1
i6wyabh,1
i6wyj31,1
i6xdwq3,1
i6xos9f,1
i6xralw,1
i6xvijw,1
i6y0t4w,1
i6y2apm,1
i6y5nv0,4
i6yec8i,1
i6yfr1k,1
i6yijkn,2
i6ykxeu,1
i6ym6ra,1
i6ypmua,1
i6ywbp2,1
i6yy7bf,1
i6z02ty,1
i6ze842,2
i6zjx2e,1
i6zory8,2
i6zq63b,1
i6zspf4,3
i6zwjwd,1
i700crt,1
i701ee8,1
i705ok2,1
i70kokb,1
i70xoq5,1
i710rqs,1
i72fj8g,1
i72hbes,2
i72mrhj,1
i734zhm,1
i73e3gs,2
i73gxyh,1
i73keag,1
i73ywz6,3
i74hlrp,1
i7596a6,1
i75amzn,2
i75bm04,2
i75kb1r,3
i76jlgk,1
i773qaa,1
i784rhj,1
i78g5zw,1
i79jdz4,1
i79jx9v,1
i79lwmh,1
i7atsmm,2
i7bzo4e,1
i7coqma,3
i7cqd2f,1
i7da5z6,3
i7dk2bu,2
i7e2y3i,1
i7f822i,1
i7gwulq,2
i7l9uu6,2
i7ltodw,1
i7ocy83,1
i7p7gdy,2
i7pnrsb,2
i7qon4e,2
i7s248j,2
i7sia6g,1
i7sr4yj,1
i7t34ef,1
i7t7u2l,1
i7tsoa3,1
i7ug3bh,2
i7vac4t,1
i7vbayr,1
i7y4t7r,1
i7y77dx,1
i7zfmk9,1
i836ua7,2
i85k2q5,1
i85meav,1
i8601dn,2
i86trli,1
i86xnup,1
i871ukv,1
i87p57t,1
i87xmfu,1
i881d4v,2
i88ju2p,1
i89m936,1
i8a0k3v,1
i8bkmyn,1
i8bt3wo,2
i8c2rzh,2
i8e4twp,2
i8f0kw4,1
i8j9v4a,1
i8klyvj,1
i8wb51a,1
i90ilka,3
i91ropp,1
i926vlt,3
i94kvkp,1
i956jbx,2
i97eea3,1
i99v2rn,1
i9etftx,2
i9hrwa0,2
i9i0wvp,1
i9jw2el,3
i9kdqf6,2
i9l8dq5,1
i9qsgfh,2
i9uocnw,3
i9wayge,1
i9xhs7r,1
i9xtwoz,1
i9yku1q,1
i9yl9zd,1
iab8y4o,2
ial9yzb,1
ialn8vm,1
iar9x4t,1
iasatwt,1
iasg0f2,2
iasic5m,2
iasnv3v,1
iatlfzp,2
iatojq7,1
iauark0,3
iaucmqx,2
iaulyis,1
iaurocs,1
iauuy2j,1
iauy05j,3
iav2gdf,1
iavfaku,1
iavtwnb,1
iaw2a18,1
iaw5h48,2
iaw5jc9,1
iax5rvx,4
iaxk1j5,2
iaxqyma,1
iaxwfg3,1
iay20ju,1
iay6zhn,1
iaybr0u,1
iayd1pi,3
iayskpm,2
iayunsf,1
iayy6d6,1
iaz1icy,4
iaz4sty,2
iaz6ts8,1
iazbx1z,2
iazeutd,1
ib0dav4,2
ib0h0wh,1
ib0rmzk,2
ib1e7de,2
ib1y0ds,1
ib2y1or,1
ib3rpoq,1
ib47grh,1
ib4am56,2
ib572ia,2
ib6yubz,1
ib77pul,2
ib7p4mz,1
ib8m6zl,1
ib900vb,2
ib9h4vr,1
ib9mx27,2
ib9rp1u,2
ibaudu4,1
ibb50oh,2
ibc8q9r,1
ibca6kx,1
ibcltfd,1
ibdqr7k,3
ibdxhuu,2
ibhc3zc,1
ibn42ds,1
ibo97lu,2
ibr4qna,4
ibryeh8,2
ibs3mgk,2
ibsw3qq,1
ibvdli0,2
ibvwrd0,1
ibwzekw,2
ibyxun8,1
ibz2r4o,1
ic2tib8,1
ic4vfuc,3
ic5o2s4,1
ic6aiio,2
ic6gfyb,2
ic7vyfr,4
ic99xn2,2
icbzvp2,1
icddr7b,1
icddt5r,1
icds1dv,4
icdxxzh,1
ice0orn,1
ice19wg,2
ice6hjv,1
ice8ko0,2
iceb4sl,1
iceipt3,1
iceuazf,2
icf4beh,2
icfrxyf,1
icg4zas,4
icgn6ie,2
icgttq5,3
icgvelt,3
icpfpe2,1
icq4j9q,3
iczyydq,4
id0smfr,1
id1nlpy,2
id4mu5o,1
id7x62b,4
idfgw6l,2
idi4hhm,1
idm6hd6,1
idv3vfy,1
idvt2ul,5
idxjotv,1
idyu6n5,1
ie0ngh1,2
ie0ojaw,1
ie3b5p9,3
ie8om4l,2
iea3bhn,2
ieec5nk,1
ieem5tm,1
ieepodz,3
iees67h,2
ieeshso,1
iefhjbs,1
iegbukh,2
iegma4n,2
iegu2c6,2
iegwtk8,1
ieh9yrx,1
iehz77l,1
ieia7ei,2
ieiespt,1
ieifd63,2
ieifgft,1
ieijemq,1
ieiwcyc,1
iejfxpa,1
iejndfa,2
iek174w,1
ieky69q,1
ielyswn,1
iemh921,2
ien4us7,2
ienizo1,1
ieo3gdg,2
ieoielo,1
iepm0x3,1
ieptbx1,2
iepzz7e,2
ieq5kru,2
ieqj5xd,2
ier12k7,1
ier3ilh,1
ier40i9,1
ier4kt0,2
ierfjhy,2
ierutc3,1
ierxy0h,1
iesmh31,1
iestkog,2
ietf8ho,1
ietz4dk,1
ieud5pu,1
ieurcev,2
ieveq6r,2
ievqkm2,1
iexqolz,1
ieygqko,1
iezlc83,1
if0xyy3,1
if196im,1
if3kj99,1
if77szt,1
if79axs,1
if8mimo,1
if99f55,1
if9y6cw,1
ifa3iwz,1
ifapbsl,2
ifbm0bm,3
ifd4be1,1
ifd6jar,4
ifddtrm,1
ife08nd,1
ifeb1oe,1
ifeiiuw,2
iff3z09,1
ifg3gpn,1
ifg3jr6,1
ifh5yh0,1
ifhjipc,3
ifi8ykf,2
ifiyecr,2
ifiz5sb,1
ifjb3bl,1
ifjd6ch,1
iflvpyc,2
ifmnhu2,1
ifnsh5n,2
ifor0mq,1
ifpbo8e,2
ifpk325,4
ifpql7b,2
ifq6al1,2
ifqsn87,2
ifsa3mu,1
ift16dh,1
iftueq0,2
iful9xy,2
ifvjc9a,2
ifydt9b,1
ifyuy64,3
ig1i9po,4
ig2feve,2
ig77isy,2
igf74pt,1
igfbt8h,1
igfvari,1
igj8u44,1
igj8zc3,1
igj9kdx,1
igl4onw,1
igq0rvl,2
igqxuui,1
ih10kdf,1
ihhw5wz,1
ihien5x,3
ihqvhde,2
ihrbg4q,2
ihx92z7,2
ii985vq,5
iig5cod,1
iigiotv,2
iigrrtj,2
iigstre,1
iigtyke,3
iihhn1v,1
iihmnh7,1
iiimwyo,2
iij6uw2,1
iijse9u,1
iikn0lx,1
iikqzgv,1
iikv7e0,2
iil7efy,1
iili6vo,1
iilmnxq,1
iim0zac,1
iimd2bt,1
iin6wiw,1
iin7bp5,1
iinmj7j,1
iinnbn0,2
iinqr6v,1
iinxieb,1
iinzl4b,1
iio7uma,1
iio8fqc,1
iio9wlp,2
iioguek,1
iip9fpm,1
iipjj8e,1
iipnyzy,2
iipqjfm,2
iipxfue,1
iiq1r57,1
iiqcjf7,1
iiqcrpm,2
iiqqzi5,2
iir3tmq,1
iis0f6v,2
iit38u4,1
iitngyn,1
iiu1rm0,2
iiu2xiw,1
iiugs5g,1
iiv0ko9,1
iiw1wq8,2
iiwqbm6,4
iiws6v9,2
iix43ub,1
iix8u2w,1
iixz52a,4
iiy6ycm,1
iiz9473,1
ij04gss,1
ij0otwp,1
ij28qug,1
ij2egmi,1
ij2w531,1
ij3is29,2
ij4ydno,2
ij4yyiu,1
ij68kfv,1
ij6qo8y,1
ij7br45,2
ij7y1zb,3
ijcgxuf,2
ijdzdme,2
ijf8eyt,2
ijfr3iw,2
ijg3n6w,2
ijh3aqt,1
iji8ng2,4
ijis6he,2
ijjco3u,2
ijm8ncy,1
ijm8qm6,1
ijn94a2,2
ijplblo,2
ijq4x4b,1
ijsu797,1
ijtoq1w,2
ijumvpb,2
ijv5p89,1
ijw03g1,2
ijw0n9r,3
ijwh4hn,2
ijx6qao,1
ijzb0r2,3
ik0iczl,1
ik23j8v,1
ik5s2os,2
ik7m0lm,2
ikb66sg,2
ikb83hl,3
ikbpaqz,2
ikcaf1j,1
ikdwd1n,1
ike5dta,4
ikggs2c,1
ikt4lhz,2
iktjj80,3
iktq30g,3
ikw8j76,1
ikyu3wm,3
il3hpa3,2
il3sfjd,1
il481bx,2
il73dfa,1
iliuxnm,2
iljdin1,1
ilk34wn,1
illdagc,1
ilmlk43,2
ilpg9n6,4
ilvcoq0,4
ilw2xgh,1
im0wrny,1
imfxkgi,2
imlu6bq,1
imlyrkf,1
imm37x9,2
immc1ui,2
immc5si,3
immg3ei,2
immjm0o,1
imnd518,2
imnfnhr,2
imnh2dm,1
imnllcj,3
imnmq8g,1
imnnxmq,1
imnscv0,2
imnt0d0,2
imntkt2,1
imo086e,2
imo2j02,2
imojn9r,1
impmi5x,1
impvy68,1
imqko1l,3
imqw9s9,2
imr6mhm,2
imrqmno,2
imsm7qn,1
imsw8nc,1
imt7nth,2
imtekev,2
imtnfik,1
imtpmo8,1
imtydwn,1
imugfh3,1
imumw3s,1
imustuv,1
imva7ng,1
imwcrzh,2
imy15c6,1
in06ssk,3
in0vgch,2
in1i4xi,2
in25g3a,1
in33d49,1
in3cuw8,1
in3fk8k,1
in3o291,1
in3rdkr,2
in4b44j,2
in65zpj,4
in6bu4u,2
in7dlsn,2
in8b37o,4
in8vuih,1
in9rzgr,2
inasrpc,3
inc6uj0,1
incafab,1
ine3yz9,2
inf58mw,1
infclr2,3
infzyqj,2
inh7nnj,1
inja58n,1
injhpf3,2
inl080l,1
inlndax,1
inn2n47,1
inpvvb0,2
inq8546,1
inuxqdc,1
inwytt6,1
inyteo9,2
io0sc2c,3
io0w6pn,1
io1dzu5,1
io1iztl,2
io31vha,1
io5f699,1
io6ow74,2
io6sv4g,2
io76hcy,2
io7pmyl,1
io8fkvn,3
ioawjam,3
iob5271,3
iocqcm7,1
iog11re,1
iognlgz,2
iogw37v,1
ioixb2j,1
iom2lcp,2
iomqpbr,1
iong0xs,3
ionhwpz,2
iororgp,1
ioryhqe,3
ios6qob,1
iot6297,2
iovrd82,3
iovrgui,1
ip2qe5i,1
ip3w765,3
ip51ymm,1
ip5eora,2
ip5p5cw,1
ip8g16y,1
ipcsk0k,1
ipi98me,1
ipq5naa,1
ipzaiv8,1
iq0baeg,1
iq8pujk,1
iqdx2x9,2
iqimes0,2
iqkxs3w,2
iql3ecd,1
iql3fq4,1
iqlhc27,1
iqln1fj,2
iqluliy,1
iqmic4y,1
iqmp8kz,1
iqmtkxo,1
iqn9g88,1
iqnbxk8,2
iqnfxyj,2
iqnjmk1,1
iqnozve,1
iqnvbvc,1
iqnvc4x,1
iqnz4mt,1
iqo93qx,1
iqoda32,1
iqoodaw,1
iqovbs5,1
iqp07o9,2
iqq0vua,2
iqqmj3f,1
iqqqq06,1
iqqx450,2
iqr1hzd,2
iqr33u0,2
iqr3ld6,2
iqr6jt7,1
iqrekit,1
iqrrkfr,3
iqsecu2,1
iqsfyz9,1
iqshy2p,2
iqt21gb,1
iqvhb1g,1
iqvht1g,1
iqw1o1n,1
iqw2143,3
iqwr104,1
iqx1yr3,3
iqxso80,1
ir141qc,1
ir1ckat,2
ir1sbjo,1
ir2cynq,2
ir4uxb9,4
ir58j0g,1
ir5s33g,2
ir6ux1d,2
ir7i4nw,2
ira520i,1
iranb6p,1
irb19s6,2
ircbtyf,3
irgm4km,1
iri4vim,1
irikeyo,1
irjdfsb,1
irk8n60,2
irmehj8,3
irnluos,1
irr2tk5,1
irr41cb,1
irrndol,2
irrqfgc,1
irsac9s,2
irtvo8c,1
irwh8b6,1
irydwsk,2
irykhc5,1
iryq6ug,2
is15b34,1
is170ui,3
is36ai3,1
is3vdl9,3
is5m230,2
is5zj58,2
is6k7se,1
is7vmjp,1
isbz0ui,3
isdu6ff,2
isfdi4y,2
isfhsmq,1
isgypns,1
ish8me0,2
ishfn2l,2
isiy2fc,1
isjdcmj,2
isjmdzi,3
iskexp6,2
islxmah,3
issf8ln,1
isswqvu,2
isug17v,2
isuqaic,2
isy8ccm,1
it0tghm,1
it3z2je,1
it508se,1
it56d7r,1
ithk9r0,2
ithxahm,1
itkt0r1,1
itl1su7,1
itnie3u,1
itnlgap,1
itrxbgg,1
itufs6y,2
itv7nds,1
itz38zq,1
itzu7kk,3
iuat5kx,2
iuj1gxb,2
iukjrey,2
iukrngk,3
iuksvms,2
iukyois,2
iul3g29,1
iulmy63,3
iult1d2,1
iulwal9,2
iulx3vw,2
iun57ak,3
iune5ba,1
iunu6xf,2
iuo2xdn,1
iuor0n4,2
iuozond,1
iup6vrx,1
iupakp2,1
iupvmoj,1
iuq71cx,1
iuqrgdh,1
iuqrt19,1
iuqvk7n,1
iuqyvwh,1
iur6zui,1
iuraxld,1
iurh2nc,2
iurht1p,2
iurl2tv,2
iurq8f0,2
ius1vsy,3
ius71fr,2
iusaipq,2
iusbt5l,1
iusbupg,1
iusekhp,1
iusn975,1
iusocuf,3
iut23i1,2
iut3ka3,1
iutom2t,1
iuu3b42,1
iuuv157,2
iuuz9zm,1
iuvqsvv,1
iuvud76,2
iuw44hx,1
iuw6yzz,1
iuw9yro,1
iuwevyj,1
iux6trc,1
iux9sp2,1
iuygti8,2
iuz9d5j,2
iuz9rsy,1
iuza1pg,2
iuzlwbj,1
iuzpy5e,2
iuzty8b,1
iv15xax,3
iv2o5l9,3
iv37dvy,2
iv3bjcb,1
iv3kmhn,1
iv4z0m1,1
iv55ude,1
iv5ew1s,2
iv6o41i,2
iv7keyu,2
iv8591l,1
iv8w41b,5
iva5zex,1
ivaand0,4
ivazfod,2
ivd04q5,2
ivddick,1
ive9wqp,1
ivipxsp,1
ivkym7d,1
ivlapa3,3
ivlr22v,1
ivmrvci,2
ivp6puk,1
ivplgj1,2
ivrxu3x,2
ivuebiw,1
ivvm6q8,1
ivw8ne8,1
ivx4fg8,2
ivxntt3,1
ivy3sit,1
ivy4vgj,1
ivyjsmg,1
ivzi5mv,1
ivzj01x,3
iw0lyzt,2
iw0qho2,1
iw1wace,2
iw2qpyv,1
iw30051,1
iw3c806,1
iw4muvh,1
iwb15cn,1
iwcrysy,1
iwel4ua,1
iwg91aw,2
iwgmwm8,2
iwiqj4d,1
iwl2gke,1
iwlpxv6,1
iwm0dgc,4
iwmcpkr,1
iwn2ggd,1
iwnn168,4
iwwhca4,1
iwy99vk,1
iwzt4rt,1
ix12a4g,3
ix1phpk,1
ix2ffvj,1
ix52n1b,1
ixbp8eh,2
ixhz0qf,1
ixjk2cs,2
ixmmxu0,2
ixusq80,2
ixyqmt8,2
iy0g0ki,1
iy4225m,2
iy8bzce,2
iy8qk7h,2
iyfqdr5,1
iyg44cd,2
iygdsvg,1
iygfrzz,1
iygizi0,2
iyh5zs3,1
iyhctcn,2
iyhj5sc,2
iyhjggz,1
iyhl6km,1
iyhpioz,1
iyhr8fv,2
iyhyqkk,1
iyic7dr,1
iyifk0a,3
iyiirf5,1
iyimt7f,1
iyiq1lx,2
iyixknh,2
iyj4xic,2
iyja6fi,1
iyjievy,1
iyjnv1g,2
iyjo6a5,2
iyjy6iq,2
iyk076e,3
iyk7au9,2
iykc4pg,1
iykc8t6,1
iykf77l,3
iykozv2,1
iykuy6p,1
iyl2qpw,2
iyln5ou,1
iylzknn,2
iym09jf,2
iym65kg,1
iyn2ugo,2
iyofne6,2
iyoh40c,1
iyovojy,1
iyoxjmc,2
iypipaz,1
iyq24t2,2
iyrnxe7,1
iys3upv,1
iysd2mq,2
iysj7bm,1
iysxr3v,4
iyt1cb8,1
iytcbyd,2
iyuf8f4,1
iyvkwp8,2
iyvybwu,3
iywi0sn,1
iywvzlw,1
iyx3fnf,3
iyxannk,1
iyxtxzz,1
iyy6nvs,3
iyzw4ir,2
iz0mf5h,3
iz13yx8,1
iz1x5jb,1
iz1yyiv,3
iz23ls3,3
iz3iyqn,1
iz3o6wd,2
iz61tj8,1
iz6l8zq,2
iz6lian,1
iz6m8yl,1
iz6vvky,1
iz6yxru,1
iz71tcg,1
iz7x3cm,1
iz82b0a,2
iz83m9h,1
iz99j1y,2
iz9e0fi,2
iz9gsa6,1
izbddm8,1
izfnvw3,1
izkpuly,1
izkz4a1,2
izlecgw,1
izm6oq5,1
izo35ia,1
izq6zas,1
izqmdky,1
izrdefl,1
izs0ng9,1
izutc9a,2
izv4rkx,1
izwbqsh,3
izxw17g,2
izy91ii,2
izyzqe3,2
j02z743,1
j03prq6,1
j05gnqr,2
j05sslb,1
j07akim,2
j09ci3l,2
j09em1v,1
j0af9dh,1
j0azzgh,2
j0gfddv,2
j0hd2d7,1
j0hz48t,1
j0ib3mu,1
j0jaluv,1
j0jpfwb,1
j0ndnui,2
j0puu2n,2
j0vq2vm,2
j0wr0rk,1
j107r74,3
j14yy3k,1
j1j58m6,4
j1qxy3p,2
j1qzmld,3
j20qj7o,1
j21hctc,2
j2gfsgt,1
j2gihlo,2
j2gjnmk,2
j2h1m0m,2
j2h8dlm,1
j2i9bz4,1
j2idvmx,2
j2ie605,2
j2iiems,2
j2ijtfs,2
j2jcpup,3
j2jf4j6,2
j2k1y4o,1
j2k7ovg,1
j2kbp4s,1
j2kkp7f,2
j2km9z4,1
j2kxltw,1
j2kyoxe,2
j2l2aa5,1
j2le3yx,2
j2lf1eo,2
j2mgupf,3
j2mhiby,2
j2mqopf,1
j2mv7ab,1
j2n7co4,1
j2naaxo,1
j2ndvrk,1
j2nuf3m,1
j2o6pyw,1
j2oatzl,1
j2ohkdb,2
j2okrp8,1
j2ookfg,2
j2p566a,2
j2pv52j,2
j2q2b9x,1
j2r8b98,1
j2rb1io,3
j2rvvlg,2
j2sbna9,1
j2sirih,2
j2svmv8,1
j2tcnoo,1
j2tim89,2
j2to6td,2
j2tzvvi,3
j2u6dwk,1
j2uy7ct,4
j2vha6l,1
j2w9376,1
j2yntvi,2
j2ypq3y,1
j31ykz8,2
j324xht,2
j3314c4,2
j33qutl,1
j34hdxo,1
j34s8yz,2
j353cra,2
j383c2x,1
j39la6h,2
j3aam9l,2
j3b5fdd,1
j3bej0s,2
j3glfwb,2
j3gnwa1,3
j3i5a2k,2
j3jdzal,4
j3jj4zj,1
j3k2fh8,1
j3k5pla,1
j3lemgh,4
j3ma58u,1
j3p8yjm,1
j3rm4a7,1
j3s2jwj,1
j3tla6l,3
j3uoyco,1
j3uzfeh,2
j3viw8w,1
j3vj2qh,2
j3vziyb,1
j3wsx19,1
j3x0693,1
j3xqxj0,3
j3xxppz,2
j3y73ah,1
j3ytk1b,2
j40bfyp,1
j40dfdf,1
j45axq0,1
j463y1o,1
j46nwld,3
j46qj0s,1
j4apdwf,2
j4bef29,1
j4gj7b0,2
j4ho62f,2
j4l1rmi,2
j4mw1t6,4
j4mz4m1,3
j4noosn,2
j4ptjf8,1
j4r0m2l,2
j4ske5x,1
j4vmen1,1
j4wfvvy,4
j4yyr2d,2
j500fdb,1
j51i7oq,3
j57lgdj,1
j59jqqs,2
j5byx4a,1
j5diwjs,1
j5ep2os,1
j5gun4c,1
j5o68g8,1
j5qg3wj,1
j5qmmax,1
j5u5udy,1
j5y3tp2,3
j6lgcb4,1
j6luqyv,1
j6q55b2,1
j6q7xib,1
j6qaj53,2
j6qazpd,1
j6qlr83,1
j6qm7tn,1
j6qosv1,1
j6r5ium,1
j6s1xfr,1
j6sbc1g,3
j6sk394,1
j6sq7rn,1
j6st634,1
j6swn2j,2
j6sxxr5,1
j6t3cb0,2
j6thqec,1
j6to8f9,1
j6tpd1c,1
j6tqmrm,2
j6u2ntu,1
j6ud75g,1
j6uet1j,1
j6uhdug,2
j6uylmh,1
j6vjcid,1
j6vnqtx,1
j6vog38,1
j6wf3vx,1
j6wil47,3
j6xccwx,1
j6ykafp,1
j6z9hel,1
j6ze4dg,1
j6zrxan,1
j6zvbmh,2
j700duk,1
j718egt,2
j71gejr,2
j72iqqk,1
j735y6a,1
j73jokw,1
j744w8g,2
j74l39y,4
j74nj1d,2
j75la8e,1
j78mdnb,1
j795krh,1
j7adflm,1
j7akpo3,1
j7b5xfd,1
j7bzbo7,1
j7civ7y,3
j7czt6x,1
j7d50ow,1
j7ebk7z,2
j7gbmtc,1
j7h11s8,1
j7ikmhh,2
j7jfast,1
j7jui71,2
j7m4xpn,1
j7mcw2z,2
j7ml0yh,3
j7nrdu2,2
j7q449v,1
j7r8vyc,2
j7rtpa6,1
j7s1plt,1
j7sn61t,2
j7uxcm2,2
j7wmetq,1
j7xqn3k,3
j7zhkaw,1
j81jzyz,3
j81rgsm,1
j81zrob,1
j838z73,1
j87g4r0,3
j88rsoa,1
j890nbf,2
j8av8ny,3
j8bo5mo,1
j8gv9tj,1
j8ikgk2,3
j8jnff7,2
j8kveo6,2
j8l4nyt,1
j8lvd9g,2
j8qmb4m,2
j8s7pe7,1
j8sf4eg,1
j8sh0g8,2
j8sn5wb,2
j8tmgl6,1
j8twldc,1
j8vgldm,1
j8wkitt,1
j8wokup,1
j8yn7sl,1
j90exyw,2
j94u6xd,1
j9a951b,2
j9aafkg,2
j9bimz2,3
j9c1ept,1
j9cybj0,1
j9f42lk,1
j9f511e,1
j9h47e6,1
j9lmsb9,1
j9n6ptt,2
j9uyau6,2
ja0t7m4,3
ja37lie,1
ja8ywif,1
ja9kv46,2
jabj1z7,2
jacvuyu,4
jafiz4p,1
jafoy9l,2
jafxtp7,1
jafzmyj,1
jag0rxo,2
jah2ya3,1
jahaj3r,1
jahhlcs,1
jaifhxv,1
jaiitir,1
jaim9ai,1
jaiqq8u,1
jaj2sq0,3
jaj6ufu,1
jajnxw0,1
jajy1bs,2
jak09zv,1
jak1toz,1
jak29rf,2
jak6rc3,1
jako2s0,2
jalc47n,1
jalzti6,1
jamci03,1
jamj9wd,2
jamsmia,1
jamylkv,1
jan3584,2
jandt98,2
janeh0u,2
janhyq1,3
jani8ze,2
janqok8,1
jantrj3,1
janv1o4,1
janx90f,1
jaob623,4
jaof5iq,2
jaoru45,2
jap2cm5,1
japp0ll,1
jaq60b7,1
jasiv42,2
jass5hd,1
jaut9k2,1
jav2khg,2
javgsgx,1
javh4ne,2
jaw0vqk,2
jayjehh,1
jb1j0tb,1
jb1mw5l,2
jb1xgds,1
jb1ysk7,1
jb2ik9m,2
jb3hbqp,1
jb46pzt,1
jb6bbnh,1
jb6cx6q,1
jb6oojo,1
jba6ila,1
jbd23p4,1
jben8ni,2
jbf5dm1,1
jbgleg5,1
jbgqijp,1
jbgzp3l,1
jbhfa4x,2
jbhlxts,2
jbhoh9t,1
jbkimfk,2
jbkiw6g,3
jblkosy,2
jblrfid,3
jbmxf7w,4
jbn8tcv,1
jbo5i2o,2
jboh5ra,1
jbsh1zz,1
jbte889,1
jbtexkf,1
jbtpca0,2
jbtx7mv,1
jbv4nqy,3
jbywran,2
jbyzgcx,1
jc1h4vg,1
jc27wzo,2
jc2zr1s,1
jc3h4lf,1
jc40x9z,1
jc4dnoi,1
jc5302a,1
jc7lkvb,4
jcb3a0m,2
jcb5ugk,1
jccizso,1
jcf7ru0,1
jcgi64g,1
jcp8geg,2
jcv2hje,2
jcw2uwz,1
jcweike,2
jcza15x,2
jd1wzin,1
jd334ti,1
jd479pz,4
jd94k76,1
jdg5mxz,1
jdhyrsx,1
jdmc07h,1
jdsrh5e,1
jdt62w6,1
je0j2xj,2
jeejruh,4
jehpts1,1
jei6a96,1
jeig0wg,2
jej5yxp,2
jejdmca,1
jejgfdz,1
jejk96p,2
jekhicb,1
jekskwx,1
jellv3e,2
jelndjn,1
jem0l0a,1
jem3wyq,2
jem7p9m,1
jem7sc9,1
jen7seg,2
jenaso5,1
jenksj7,1
jeo1e5i,2
jeokgym,2
jeokjod,3
jeoqrev,2
jep0je6,3
jepdm2z,1
jeq1t9c,1
jeqfkm3,1
jerfrz0,2
jermtry,1
jes8usr,1
jetd2qc,1
jeuddx5,1
jeununp,1
jevgw26,1
jevkkl0,1
jewdf2t,1
jexa09z,3
jexqktr,3
jexveqa,2
jez00c5,2
jez3llh,1
jezg4w3,2
jezgeis,1
jf02erl,1
jf03nig,4
jf0ybuh,2
jf28cky,1
jf42bwa,1
jf4g8r4,2
jf61eko,2
jf6gkj1,3
jf6q1j9,1
jf7tdux,1
jf83czq,1
jf8a0q8,1
jf8kkju,1
jf9gv6m,1
jf9ksbn,2
jf9w3v6,2
jf9ye1m,2
jf9zzbq,1
jfafla9,2
jfafu8z,2
jfb29hk,2
jfb7fu7,1
jfb8122,1
jfbav37,1
jfbbjdl,2
jfdhla8,1
jfdw4qd,1
jfev7nw,1
jfgcww3,1
jfhklii,1
jfhq11e,1
jfjkwop,1
jfkx61v,1
jfl926z,3
jfntoag,1
jfostxw,1
jfq11u7,1
jfr1i2y,1
jfr2oed,1
jft6fqx,2
jfygxwz,1
jg2gj1g,2
jg2zpks,3
jg3264n,3
jg3am00,2
jg93cgq,3
jgb3f1j,1
jgbu6mp,2
jgc61x7,3
jgd6qxq,1
jgdaq39,1
jgdq904,1
jgdy00a,1
jgfgito,4
jggcsvb,2
jgo5jhz,2
jgr3f9j,2
jgt32lr,1
jgvhymt,3
jgvljxb,1
jh5haqt,1
jhdrogy,3
jhjqebt,4
jhmp3yd,2
jhsa2a7,1
jhufvqw,4
jhysoig,1
jhyspzk,1
ji24ma1,2
ji6a77u,1
ji8wsj3,1
jidug6u,2
jie0l5w,1
jiersdv,1
jiesru4,1
jif0b36,1
jif8ero,2
jifm6dp,1
jifqqb1,2
jifxhp5,3
jigvdwu,1
jih98si,2
jihc2qy,1
jihskrv,2
jihw1by,1
jihx568,1
jihyxf2,3
jiig9k3,1
jiiml1q,2
jiiylwi,2
jiiznow,1
jija1eu,2
jik6y81,2
jik8zo3,1
jikbbpk,1
jikldw2,2
jil1zki,1
jio0i4g,2
jip497y,2
jiq3j0k,1
jiq6txa,2
jiquvm4,1
jiqxg84,1
jir8bzk,2
jisssm8,1
jit6ghp,2
jitage4,2
jito9wb,1
jitwiee,1
jiuod32,1
jiusuk9,1
jivk3us,2
jivx9s4,3
jiwr60p,1
jixdklu,1
jizld4b,1
jizpega,1
jizw2de,1
jj4cddy,2
jj5b1l4,1
jj6gh79,2
jj85mck,1
jj9eosi,2
jja7c6t,3
jjag2kw,1
jje83cg,1
jjf2ycx,2
jji91c5,2
jjig4qf,1
jjj5wfv,2
jjjntrf,1
jjlxbkl,2
jjmtp97,3
jjn3bkl,2
jjp0lho,1
jjr7j0p,2
jjraeo6,1
jjrs8n6,2
jjtbnmu,3
jjuws8k,1
jjvazob,1
jjzj0vy,3
jjzjwzg,2
jjzyjl6,1
jjzz9y0,1
jk1r8xq,1
jk28cox,1
jk3xzxe,3
jk5thrw,1
jk6i4ny,1
jkab581,1
jkajsbl,1
jkakq39,1
jkaur6i,1
jkejh04,1
jkf3zaf,2
jkf8kb7,1
jkfqhi7,1
jkhvefj,2
jkl4vb5,2
jkoup2l,2
jkozbsa,2
jkp72rh,2
jkprt41,2
jkqsuty,1
jkrahw5,1
jkwpstl,1
jkwsykv,2
jl30l8l,1
jl5slca,1
jl81sa4,4
jlbaf4y,1
jlbd507,3
jlbg26m,1
jlbg8jv,1
jld36is,2
jlk57cs,1
jlkehgy,1
jltkjvg,1
jltpvy5,2
jltrl9e,2
jluao9a,2
jlx7snu,2
jm46jd3,1
jm8jt8e,2
jmce52z,2
jmcwnjs,1
jmf8fe8,1
jmfat0w,1
jmfpctq,1
jmg3ton,2
jmg9m8z,1
jmgzgjz,1
jmh50ve,2
jmhzefb,2
jmihbtj,2
jmikqtj,2
jmiozei,1
jmir598,1
jmitycn,2
jmk3lqk,1
jmkel9x,1
jmlik5o,1
jmlk8ff,3
jmm1zma,1
jmmfyx5,2
jmmkzq1,1
jmmlhk0,2
jmmne2q,2
jmn2j1o,2
jmnhpaj,2
jmnr9vo,2
jmnsst4,3
jmnt2bd,2
jmoki1t,2
jmpfw98,2
jmrmodz,2
jmrulq7,2
jmsvo80,1
jmukqfw,1
jmv9yoa,1
jmvdjrh,1
jmwbu2f,2
jmwj4bt,1
jmy461i,1
jmydzi7,2
jmzl3cm,2
jn0hkme,1
jn11fhn,1
jn15elh,1
jn2fjb9,2
jn38kun,1
jn3nyvc,2
jn3p2j3,2
jn3tk4d,2
jn4o9ns,1
jn5b2yq,1
jn5khmd,2
jn5lujs,2
jn5t4u3,3
jn6075s,3
jn9zpll,1
jndbkvm,1
jnff0r8,2
jngbzej,2
jni1sah,2
jnla90a,4
jnm7ilu,2
jnmdr3w,1
jnnfifx,1
jnpe6i4,2
jnqgy6l,1
jnrk10q,2
jns515c,2
jnusg4w,1
jnw2ai6,1
jnw9brp,1
jnxi18n,3
jnxy50q,4
jny9u7h,1
jnyapf4,2
jnzwddq,2
jo050zz,1
jo171wy,2
jo3lmzw,3
jo3q9ra,1
jo5881t,1
jo626es,2
jo6cidb,1
jocxlw1,2
jogw88u,1
jolr7vh,1
jolxgan,1
jomf263,1
jomi5sj,1
jopg0mk,1
jopmap1,2
jopupsl,1
jor033i,1
jor25aw,1
josxxur,3
jou4ldz,2
jox6qdj,1
jp0dyxg,1
jp1rza0,2
jp2dkj5,1
jp2dus8,2
jp4ccud,1
jp7mlxb,1
jpd8ct9,1
jpik477,2
jpriu46,1
jpthxe3,2
jpur16b,2
jpuvxee,2
jpv145j,3
jpvinri,2
jpvkmfx,1
jpxcjfm,1
jq1wv7a,1
jq4mr6n,3
jq5ej5h,2
jq7vmid,1
jq89i17,1
jq8tk7r,2
jq8x7t7,1
jq8xa8c,2
jq9byva,1
jq9gugb,1
jq9kgb8,1
jq9mthq,2
jq9qbv8,2
jqa97k0,1
jqayzvz,1
jqb4vwb,3
jqb909h,1
jqbbt9u,1
jqbkh66,2
jqbr1lc,1
jqbsse5,1
jqbt9io,1
jqbvhba,1
jqc8wcn,1
jqc9dap,1
jqd9vlz,1
jqdospy,1
jqds5ck,2
jqdvrjt,1
jqeu8tr,2
jqevutp,1
jqewsh2,2
jqf2c80,1
jqfafvc,2
jqfdalm,1
jqff8oj,3
jqfuvv8,2
jqg7o6l,2
jqhil8l,2
jqhqehk,2
jqhvxyb,2
jqif3sk,1
jqifvo8,2
jqjbnni,1
jql24fx,1
jqlww9e,1
jqm828t,2
jqm99qp,2
jqmnoj2,1
jqnjvjr,1
jqntydt,1
jqobac0,1
jqpdxpk,1
jqrpg37,1
jqsj8v6,1
jqsufsc,3
jqtcfu6,1
jqumhyu,1
jqw25wu,2
jqwkk0z,3
jqxtvpl,1
jqz36he,2
jr0rium,1
jr14hb1,1
jr1dgfk,1
jr1gmrl,1
jr3f2c2,1
jr3wiyw,3
jr3z4z5,2
jr44pr0,1
jr57kib,1
jr6xklo,2
jr7gw0p,1
jr7p89z,1
jr7vak4,1
jr81ux1,2
jr9rrbp,1
jr9taqm,1
jrdweao,1
jre7ef1,2
jrgunkd,2
jrgzv77,1
jrh9523,3
jrhoatz,1
jri4bsu,1
jriwhmf,2
jriyaps,1
jrmbobt,1
jrmpiau,2
jrmu1kb,1
jrnnhth,2
jrodi6e,3
jrpztlo,2
jrrpg9i,2
jrtcni4,1
jrxpf2j,2
jryfohm,3
jryjx5t,3
jrzk4vg,1
jrzzbi8,3
js2eux6,3
js3rnge,1
js5gm31,2
js7w8kn,1
js9gps0,3
jsbmvve,4
jsievdo,2
jsm5k8w,1
jsnxw3i,1
jss0418,2
jsthw3r,1
jszfelf,1
jt0bs51,2
jt73az1,1
jtafvot,2
jtaw9jy,5
jtd5p3i,1
jtliuya,2
jtm578o,1
jtmmadf,2
jtmx8ag,1
jtrjxvv,1
jtvnrri,2
ju1z2he,3
ju2vhah,1
ju6ivtd,1
ju6t1or,1
jua6a88,1
juab45e,2
juac1w0,1
juajq66,2
jualphn,2
juanxdf,1
juatpss,1
jub0q0x,1
jub37c9,1
jub3ovo,1
jub4hay,2
jub7b3w,3
jubiqi0,1
jucbe94,2
jucews3,1
jucqayx,2
jud4dpi,1
jud70c6,1
juddgc6,2
judj32e,1
judvbig,2
jue879v,1
jueacol,1
juecrvz,1
juen79b,1
juf4qf8,1
juf4rc8,2
jufbahv,2
jufnrin,2
jufxt6g,3
jugkicw,2
juhdunq,1
juhg6k5,1
jui4d0q,1
juidvma,2
juii91j,1
juj9acc,2
jujgvry,1
jujpjzw,1
jujqjoi,1
juk0416,1
juk73y1,2
juldocp,1
julw90o,2
julygn6,2
jum6rab,1
jumap4m,1
jumgdzp,2
jun6pth,1
junf1aw,2
jup7ek4,1
jupiy9b,1
jurdabl,1
jut24lm,1
jut71j4,1
jutivkv,1
juu5wy7,2
juuvlgt,1
juuwy4l,2
juvemj3,1
juw06er,1
juwatcv,2
juz9su1,2
jv00c1e,1
jv0gd9j,2
jv0h0i2,1
jv17vvs,2
jv1wqu5,1
jv3chrr,1
jv3yfnf,1
jv5qkld,1
jv6u94d,1
jv7a0eo,2
jv7yn7c,1
jv81l0w,1
jv8jj51,1
jv8jvn2,1
jv8x3jv,1
jv93xil,1
jv950ay,2
jvamnwg,1
jvaxh13,1
jvcg9cj,3
jvdghxa,1
jve84z7,2
jvembe0,1
jvey32e,1
jvf0ept,2
jvg2alf,1
jvgbey1,1
jvggbf1,1
jvgxwg3,2
jvh0u90,1
jvi87i7,2
jvmgphc,2
jvmtfpw,2
jvoch11,3
jvoop7p,1
jvoqba7,2
jvt5ds2,1
jvu9qug,1
jvv2g6w,3
jvvwhzn,2
jvvyxw1,3
jvwassd,1
jvwpmfu,2
jvxig5u,2
jvxrmb0,2
jw1pnp7,2
jw21w3o,2
jw3gjfy,2
jw53410,3
jw7jwts,4
jw8gzhl,1
jw9mcax,1
jwa8dhi,1
jwb1z3v,1
jwdm7vn,1
jwg5my9,2
jwi1j4t,3
jwic7zm,1
jwm6go4,2
jwq8gwm,1
jwqpuje,1
jwvi6cc,1
jx01mcq,2
jx0zmi7,1
jx32obu,2
jx4k85s,1
jx81k3x,3
jx8bkk7,1
jxihur0,2
jxl4492,3
jxm6da7,3
jy85sa7,3
jylrn3d,2
jymyrn5,1
jyn87gz,2
jynga9u,2
jynxg86,1
jynz1qb,1
jyo2gzt,1
jyo2u1x,2
jyo3lky,1
jyo6bbz,2
jyo9ngt,1
jyoaygn,2
jyohbla,1
jyojqfd,1
jyowezy,1
jyp9fd1,3
jypikuo,1
jypv1av,2
jyqeidz,1
jyqlv5h,3
jyqlxsw,2
jyqsipu,1
jyqslae,2
jyrbxuk,2
jyrdel6,2
jyrz2hr,3
jytp06w,2
jyttt3k,1
jyu35mm,2
jyu6136,2
jyupz3a,2
jyv6c6z,1
jyvcx54,2
jyvw6o1,3
jyw4wqn,2
jyw6tpr,2
jywtc87,1
jyxx42b,1
jyydu4j,2
jyyslur,2
jyzix8u,2
jyzk9a4,2
jyzspnd,1
jz06m35,2
jz0tpp7,2
jz0x41a,3
jz1dmb2,2
jz2u4q0,1
jz34xt9,3
jz3zcgg,2
jz4412u,1
jz4m3xm,1
jz5poqt,1
jz6m230,2
jz6mnn3,1
jz7bm1o,3
jz8e1ub,3
jz940yj,1
jzaftfy,4
jzbg1or,1
jzbuhta,1
jzc3zzy,2
jzclzvg,1
jzehgqq,1
jzfcxis,2
jzfg0jv,1
jzfrn64,1
jzfsy5w,1
jzg11fx,2
jzg4tng,1
jzg5vjp,1
jzgcbwv,3
jzh92b2,1
jzhf7gb,1
jzhi9vv,1
jzhv51m,2
jzi5la2,1
jzj32zs,1
jzk13a7,3
jzk39sc,1
jzl1mqg,1
jzlryu6,1
jzmd59m,1
jzn1wkp,2
jzpx5z5,2
jzqepc9,2
jzrv4og,1
jzt59kg,2
jztxwhl,1
jzu3kbh,1
jzuhngb,1
jzujke6,1
jzum2tm,2
jzurch4,1
jzv5mmd,1
jzyfa24,2
jzzfkz2,2
k0203qg,1
k08rrty,3
k0awlxr,1
k0bxomi,4
k0ddbs8,1
k0e8sly,2
k0la35i,3
k0o79vs,1
k0sckud,1
k0stu1j,2
k0ub4fb,1
k0vipz5,2
k0vvr0p,1
k147ccr,1
k16yuji,3
k17buqd,2
k1aor5a,1
k1k5ztn,2
k1p25k7,2
k1qalnx,1
k1rg69p,1
k1sh84h,1
k1tvvt9,2
k1wr9ic,2
k2abzjs,1
k2ggeoy,1
k2hh2ec,2
k2qrpyh,2
k2qwvd7,1
k2tekda,1
k2uy9zz,1
k2ylsla,1
k2ymnp3,1
k2yqltp,1
k2z5a9l,4
k2zb78t,1
k2zc5fr,3
k2zdtj7,1
k308bmc,2
k30iyd8,1
k30jgx0,1
k30z6u7,1
k31avht,2
k31kkup,3
k31xjp8,1
k324wbr,2
k325aup,1
k32a27g,2
k32gobs,4
k32hfh0,2
k330q7t,1
k332pm5,1
k336mqt,2
k33of1w,2
k34pnub,3
k3571m4,1
k357ljm,1
k360v43,2
k36dn36,2
k36kyiq,1
k36qdrb,1
k36qmst,2
k37g2xn,2
k38iuan,2
k38s5v3,1
k38s8tk,2
k38skk6,1
k390cno,2
k3apjsr,2
k3baxc2,1
k3bg8tt,1
k3bi2sz,1
k3c4xdl,1
k3dh4vy,1
k3e4kib,2
k3evz4p,1
k3g03vn,2
k3g3ihi,4
k3gcxy4,1
k3iys8y,2
k3j4ti7,1
k3kjm6a,1
k3m9a0b,1
k3nafci,2
k3oy80n,1
k3pek88,1
k3pf9aj,1
k3s8q8t,1
k3tw82o,1
k3urzzx,3
k3vb3i7,1
k3ve7a7,2
k3vqisq,1
k3wkfd1,1
k3xfuwz,1
k3y4bkg,1
k3z9sfj,4
k3zhvn7,1
k41204i,1
k41728i,2
k42dite,2
k42exdc,1
k42me1c,1
k44gmwf,2
k46ba5q,1
k47lqon,1
k47lxk2,1
k486uuf,1
k49z2bs,1
k4ai58k,1
k4alh4y,1
k4dcugk,1
k4dnwqb,2
k4iztff,2
k4kl7ff,2
k4kmqfx,1
k4kotuq,1
k4lxp5h,2
k4md8tv,2
k4omlhd,3
k4royou,3
k4sa0mh,2
k4sheq1,1
k4t2hey,2
k4tag1n,1
k4vxc7b,1
k4x1nw7,2
k4xf9j3,2
k53rsn7,3
k54896e,3
k54sa03,1
k59cf3v,1
k59eedi,1
k59ksx3,1
k5ae9qe,1
k5bs7bd,1
k5csl83,1
k5dgkxr,2
k5e40wd,1
k5g37vx,1
k5hqkuw,2
k5k949q,1
k5lk3do,2
k5mcmxt,1
k5qzjop,1
k5s03da,1
k5s1f9e,1
k5vlnon,1
k5wh0sq,2
k5wji26,1
k64rvaf,2
k6aelpp,2
k6eund6,3
k6ki9ml,2
k6pswza,2
k7btfkb,1
k7bwtm1,2
k7d1kn6,2
k7d9hez,1
k7e8lfx,1
k7e8wto,2
k7eivl6,1
k7en982,2
k7epx0q,2
k7ev8tn,1
k7f9mfs,1
k7fd96a,2
k7fii3v,2
k7frolo,1
k7g0rfi,2
k7g54sm,2
k7g9h3b,1
k7gcta6,1
k7gxoj9,2
k7h2a0w,1
k7hbnrq,1
k7iiqu9,2
k7iop7b,1
k7ipew1,2
k7ivajt,2
k7j5hl6,2
k7jal40,1
k7jir10,1
k7k22rf,2
k7kba8r,2
k7kgvtf,1
k7kikto,1
k7kz464,2
k7kzkwd,1
k7malp4,1
k7mbgja,1
k7mr5rr,1
k7o2aqi,4
k7odwm7,2
k7op2hb,1
k7ouhoq,3
k7p0um6,1
k7pocgb,1
k7pymal,1
k7rmgsw,1
k7s8nid,3
k7sh5t9,1
k7t06s2,1
k7tn39z,4
k7tvh7u,3
k7uj7hl,1
k7vihwe,1
k7vv9g1,1
k7vxk1g,1
k7w0nef,1
k7x09ur,2
k7xnpni,1
k7y71ot,1
k7yeenn,2
k7yz6bv,2
k7z2npi,1
k7zvpmk,1
k81hy61,1
k82jg52,2
k832hpj,4
k83w9o7,1
k84upqa,2
k84y94b,3
k85dv6p,2
k872ado,2
k87gm9a,1
k87joqn,1
k88n2mf,2
k88w25l,2
k88w6nw,3
k89e6ob,1
k8a2dx1,1
k8a5yjg,2
k8aetsg,1
k8fn9v3,2
k8hxq7u,1
k8j2y3p,1
k8j8imr,2
k8jj8bk,1
k8kphrr,3
k8ktc22,3
k8lb9z5,1
k8nejzk,1
k8r0cns,3
k8tjm6a,1
k8u4w5t,1
k8vctnf,1
k8wr0j1,2
k91gik9,3
k93jpek,3
k95b4y5,2
k98oxzu,2
k99rr02,1
k9ggz3z,3
k9ki6dv,1
k9la8fs,1
k9no3fb,2
k9qz8ck,1
k9rpbms,3
k9syesv,4
k9taftw,3
ka2tyv4,1
ka2xolm,2
ka4mbju,1
ka6qvow,1
ka6vyr7,1
ka7134e,1
ka73klc,1
kadllqs,1
kaefjxd,1
kaiglt4,1
kan8kgj,1
kat7h00,1
kaw7dai,1
kawy2ea,1
kazmx52,3
kb9wjgi,1
kbeq5he,1
kbf4r4e,1
kbfdyab,1
kbhlg1i,1
kbhvax8,1
kbhwnjd,1
kbhyfla,2
kbhzr4a,1
kbifb5s,1
kbiged8,1
kbijvch,2
kbinkx2,1
kbisccs,1
kbiywu1,2
kbjio1c,2
kbk2s2c,1
kbk51uc,2
kbk5933,2
kbk5qpt,2
kbk9k5e,1
kbkb7z6,1
kbkpjrr,3
kbkqq17,2
kbl94az,3
kblg92c,1
kblha4s,1
kblm5as,1
kblme9f,2
kbltvxi,2
kblwg7v,2
kbmjlyr,2
kbmkb24,1
kbmtx3i,3
kbmywb9,2
kbn3tln,3
kbn7mni,1
kbndjqc,1
kbnhfk2,1
kbnk1pi,1
kbnstej,1
kbobrxu,2
kbomsxl,3
kboqvi4,2
kbq6hdp,1
kbrd1ok,3
kbrnwjr,1
kbrzi2o,2
kbs0oo9,1
kbseuaa,1
kbsohup,1
kbtihq8,1
kbumfvp,1
kbvujxf,1
kbw5phs,2
kbwgpck,1
kbxf802,2
kbxfvgn,2
kbyjnby,1
kbymidc,1
kbywqik,2
kbz34rt,1
kbz5u0d,2
kbz76fr,1
kbzlsao,2
kc07pil,2
kc1zxki,1
kc363a9,1
kc48px9,1
kc4uz4r,1
kc4vddw,3
kc4w15b,2
kc53kag,2
kc5ofmu,2
kc7pg8h,1
kc89d6f,1
kc8swpl,2
kcaf37f,1
kcckti0,1
kcdh5q0,1
kcdrwtf,1
kcfkskj,1
kcfq8s0,1
kcj7ji3,1
kcmiir6,2
kcmo85q,1
kcnd2yp,1
kcp08r4,2
kcq4juc,3
kcri6vj,1
kcrj51f,1
kcwon64,1
kcxlk1j,1
kcxmmev,3
kd0xwor,2
kd24hpp,1
kd26j94,1
kd2fptx,2
kd3mp95,2
kd6e0wp,1
kd6zfqe,1
kd7vjri,2
kd8ba2k,1
kdct0zi,1
kdcvo9n,1
kdfdin5,2
kdfvs2l,2
kdifv8y,1
kdiwdhy,1
kdokklm,3
kdr6ym3,3
kdwoelv,2
ke0miuy,1
ke2q7a8,1
ke4cofl,1
ke70a1n,3
keh300f,1
kenhefj,2
kenz35f,4
kepuo9k,1
kermhgi,3
kesz8q6,2
kew0ubh,3
kf097z0,1
kf0nmoi,1
kf1clco,2
kf2qc9v,2
kf54ntr,2
kf99626,2
kfgcger,2
kfkpqqg,3
kfltgxr,3
kfn3tar,2
kfscrv2,1
kfslo52,1
kfst8dn,1
kftrjfo,2
kfvjozg,2
kfvjtfp,1
kfvzcsy,1
kfwpt4k,1
kfwz994,1
kfx2y40,1
kfx7jb5,1
kfxotoj,3
kfxqe5f,3
kfxqj9n,1
kfz56fj,2
kfz89nv,1
kfzhsr2,2
kfzonfc,1
kg0rab0,2
kg0ug5o,3
kg0yphi,1
kg10ys3,1
kg1mbbo,1
kg2hoyl,2
kg3w1q4,1
kg42xgp,1
kg4gqhr,1
kg56m2o,1
kg627ax,1
kg6ann9,2
kg6m4kn,1
kg70o9c,3
kg8gtx7,1
kg9f38b,1
kgafvmw,3
kgav1mb,3
kgb4fsu,1
kgboqni,2
kgbxsqn,1
kgc536j,1
kgcp7oj,2
kgcqor6,1
kgd4z4w,2
kgd7cgm,1
kgdyayb,1
kgf1e89,1
kgferhu,2
kgfzid0,1
kggja5o,1
kggjss1,1
kghacyu,1
kghdwq6,1
kghswp1,1
kghx7id,1
kghyjph,1
kgi2drc,1
kgi8okp,1
kgif9sp,1
kgipt6s,2
kgizwfd,1
kgjl6nu,3
kgjyxsq,1
kgkquw8,1
kgl9pu7,1
kglhoq9,1
kgltm8q,1
kgnuu54,1
kgnzzpz,2
kgqb0in,1
kgqsnui,1
kgrbad3,1
kgsegr8,4
kgskk3z,3
kgsxuqi,1
kgt4xzu,1
kgu9q7p,2
kgudj61,1
kgx5ic2,1
kgxm9vb,1
kgyhs8a,2
kh0m7wj,2
kh12t2z,2
kh2c3f7,1
kh2hg4a,1
kh2p0sq,1
kh2ut6h,1
kh5u4ov,1
kh6azuq,1
kh6n5j2,1
kh7v23b,2
kha14ip,1
kha8npq,1
kham9v0,2
khd10g3,2
kheo0qi,4
khfdvlx,2
khg6578,2
khh366s,2
khhftq4,4
khie8i1,2
khjoxx0,2
khlo5o2,1
khnk2oe,2
khqpzy6,3
khrf47d,1
khvcend,1
khwf2uh,3
khwhap7,2
khxhdtq,1
khzbxg6,1
ki04t7p,1
ki2ju5f,1
ki5xsbo,1
ki8xfxc,1
kierxuz,1
kifahyc,3
kipkaur,3
kisijuz,2
kiu4hbz,1
kiyq7s4,1
kizdy1o,2
kj06pdo,3
kj2xzjr,2
kj3xnfq,2
kj8cf8v,1
kjecpcf,3
kjnrep1,3
kjomdbm,2
kjyosca,2
kkc8klo,1
ko9pyd8,2
kod6854,2
kodnks8,1
kodw56d,2
kodx5t4,1
kodxgf9,1
koe8pdn,1
koee59j,2
koeeip4,1
koegk9y,1
koeh5s1,1
kofgeu9,1
kofl2yr,2
koflfdl,1
kofnzyp,1
kofvmh1,3
kofw57a,1
kog38pg,1
kog7u3h,1
kogmdw2,2
kogskg6,1
koh6xt7,1
koi71xe,2
koia9zu,1
koikp2x,1
koj1q5z,2
koja4ks,1
kojbsy0,1
kojc4sf,1
kojcu2x,1
kokdft4,2
kokrmxp,1
kol2vg2,4
kol78na,1
kol7eir,2
kolpp8j,3
kolr3xa,2
kolur02,2
kolztet,2
kom0rky,1
kom3g9v,1
kom63gb,1
komc5ny,3
komddxi,2
komdwks,1
komg9a1,1
komhrh8,3
komnkbo,2
konvlqg,1
koovdqg,1
koqrwi8,1
kor16i3,2
kor3dwa,1
kor47ri,1
kosb76f,2
kosbczy,4
kosds4w,1
kosfksl,1
kot7jmb,2
kotsj95,2
kotss2o,2
kotv9fe,1
koukvo6,2
kouszsz,1
kouxesl,1
kowa4o1,1
koxhdbd,1
koxxj5r,1
koy6fvu,2
koyqrvp,2
koz2kha,1
kozi6oa,1
kozkt6g,2
kp0pfz7,1
kp21n1d,1
kp44cxv,1
kp4ixwp,2
kp6c13t,1
kp8xd0s,1
kp94dkw,2
kp9l6gl,1
kpaxewu,1
kpbn92a,1
kpccaph,4
kpcuuta,1
kpdxiz5,2
kpf179g,1
kpfr4a8,1
kpgs41f,1
kpidnyn,2
kpky3gx,2
kpn1rpu,2
kpnx7lw,2
kpql8m4,1
kpr1mqx,1
kps98ue,2
kpspgo4,1
kpsyql2,2
kptdkm0,2
kpwyzl1,1
kpx4hcc,2
kpzc09o,1
kq37a4t,4
kq48ld0,1
kq51ye5,2
kq5nws7,1
kq5o9l8,1
kq6hxhy,2
kq8oqd1,5
kqaxlql,1
kqde9ri,1
kqgqdgh,1
kqgrnc8,1
kqgs966,3
kqgyk0r,1
kqhtl9z,1
kqisnqu,1
kqk4fts,2
kqk9pvv,1
kqleap7,2
kqm4qfv,1
kqmwizx,3
kqoe65k,3
kqppt23,1
kqws1i7,3
kr2z0q6,2
kra4tev,2
krfdxfu,1
krn6f9w,2
krosvsh,1
krvb06j,2
ksfnrwl,2
kskvnd3,2
ksowu8t,3
kss848u,2
kss8hwi,1
kssgrn3,1
ksskulr,1
ksskvvs,1
ksswpvb,2
ksswq0e,3
kst1rhn,2
kst4xq3,1
kstayav,1
ksu3uij,2
ksukwq1,3
ksuucfo,1
ksv5xni,1
ksvhij6,1
ksvubqd,2
ksw2asp,2
ksw2ume,1
ksw5tof,1
ksw6kp2,1
kswefjy,1
kswk5dp,1
kswmgyw,1
kswn4jt,1
ksx0jz5,2
ksxpvoc,1
ksxwr7m,1
ksy8g3k,2
ksybxpr,1
ksyydjn,1
ksz6pzp,2
kszaxz5,1
kszewrj,1
kszxgdh,1
kszzdc8,2
kt02ps2,2
kt05ycg,2
kt0ye9a,1
kt2sd6d,1
kt3lhk1,1
kt3lmx6,2
kt4mxya,1
kt4pwxr,2
kt6676c,2
kt7ui2a,2
kt8nc7w,2
ktb4tio,1
ktdfj8r,1
ktdlet1,1
kte41vn,2
ktgdfpd,2
ktggvpg,2
ktheegf,2
kthezp4,2
kthmj5g,1
ktj1gft,1
ktjaz4e,2
ktk6486,1
ktl7ro0,1
ktlcotn,1
ktlqz0s,3
ktmrjb9,1
ktmtg78,1
ktnj2dd,1
kto8edd,1
ktp2zjc,1
ktpdl9y,2
ktq54xz,1
ktqimmm,1
ktqk92r,2
ktqz216,3
ktr6jjl,2
ktskcu7,1
ktsrh74,1
ktuyc1v,1
ktvsltm,1
ktwhdhp,1
ktyd9v6,1
ktztj9z,2
ku0p142,1
ku0qyt5,1
ku69a7l,1
ku6ghxl,2
ku8n08k,2
kufc9h9,1
kug84m9,1
kuhib11,2
kukjbqd,1
kum22rj,1
kunv3bt,2
kuper5f,1
kupl0tz,2
kuquc6a,2
kurvm9o,2
kv0ul4e,1
kv1x55f,1
kv1xwj5,2
kv5dxvl,3
kv5m5ke,1
kv5xsd3,2
kv6hsb7,2
kv85xw2,1
kv9vuce,2
kvbuwa1,2
kvdl81v,2
kvdlaec,1
kvf3dqo,1
kvkbz8j,1
kvvzcqi,1
kwa8fh2,1
kxcvnsl,1
kxhl02e,2
kxie9dl,1
kxikcbi,1
kxjgszf,1
kxjhxi6,4
kxjuy3l,2
kxjvtt5,1
kxlmdl9,2
kxlmfsx,1
kxlx6cc,1
kxm88lf,1
kxmclec,2
kxmegnt,2
kxmpa8a,1
kxn8wgi,2
kxnfmuc,2
kxo834d,1
kxof16o,1
kxoh958,1
kxoypo0,1
kxp225r,2
kxp5pfr,1
kxp5s0o,2
kxp8nza,4
kxpg804,2
kxpye0v,3
kxpzcvf,2
kxq4ehw,1
kxr02jt,1
kxreila,3
kxrfcyb,3
kxrfhrs,2
kxrnn9j,1
kxrp76z,2
kxrwnix,1
kxue0mo,2
kxvavx1,2
kxve0ad,1
kxvfhz9,2
kxwjy66,1
kxx276b,2
kxxh0qe,3
kxzrsig,2
ky15vbv,1
ky1ni9r,1
ky2o2tu,1
ky2sxw6,2
ky2xdpl,1
ky3p4xo,1
ky6tz19,2
ky8epae,1
ky8tcxc,1
kyb3v7l,1
kydivay,2
kye3md9,1
kyi1v60,1
kyim517,1
kykwosv,1
kyl4uh0,2
kyls5i3,2
kylvgqv,1
kyly0fz,1
kymj930,2
kymtjb0,1
kymtqc1,1
kymwsin,1
kymx324,1
kyners8,3
kypwewn,1
kyruxzs,2
kysefzc,2
kyt9mcp,2
kythmc9,2
kyu8ksd,1
kyuezxd,3
kyvblv7,2
kywrh67,1
kywxiws,1
kyyb6gc,3
kyytb6b,2
kyzrv0v,1
kz01nz9,2
kz04bse,1
kz0n1l1,1
kz1wxl2,1
kz22eyc,1
kz39smm,2
kz3fyf0,3
kz5fu53,2
kz5nvfn,1
kz6j133,2
kzctu75,1
kzd4hht,1
kze64f3,1
kzec7qk,1
kzef0y3,1
kzeo2xw,1
kzk43hd,1
kztqb7i,2
kzujhaq,3
kzuttb2,1
kzwdk9f,2
kzwy0v7,3
l02tg1v,1
l03escz,1
l08u7c6,4
l0bivpi,3
l0bsg4m,2
l0clz2o,1
l0jlq1f,1
l0mxzz0,2
l0tjn83,3
l0zbm5l,1
l10xyrn,2
l14hvtl,1
l14tpdx,2
l1954b1,1
l19wbr0,2
l1a9w6w,3
l1el52c,2
l1ig5ux,1
l1t2ntb,5
l1yrwds,1
l213ohk,2
l21gzpf,1
l21wmds,2
l220c8n,1
l229e6n,1
l22ci9e,2
l23ko1z,4
l245f7n,1
l24aivt,3
l24bn16,2
l24g1z7,2
l24iqw1,1
l24kx70,1
l24m5tx,2
l24r748,1
l25im19,1
l26c04p,1
l26vh68,1
l270gfx,1
l27d27s,1
l27vzzh,1
l28feq4,2
l28jpio,1
l291hrc,2
l29jvc1,1
l2a9seq,2
l2a9u5k,1
l2ac2n7,1
l2ae1cu,1
l2aezba,2
l2biw1c,1
l2boarv,1
l2c0zxd,2
l2e8y6b,1
l2emtl9,1
l2f7v9l,2
l2fnkj5,2
l2hql4c,2
l2hr1df,1
l2i0xzq,2
l2k4ayl,2
l2kgmlv,1
l2kioi1,1
l2lc7ka,2
l2m8xil,2
l2mhpva,2
l2otphu,2
l2p4thc,1
l2po9h8,1
l2pr4ti,3
l2rb8mv,1
l2rcm0m,2
l2rxhuo,1
l2sscar,2
l2u4jyj,2
l2u8bm3,1
l2uloq7,3
l2uu145,2
l2vrrtc,1
l2xwenx,1
l2yn3dy,1
l2ytk75,1
l2z80qt,1
l2zg4u3,1
l31npft,2
l31uguf,1
l3274jk,3
l33w5vm,1
l356myr,2
l36s66m,1
l374j18,1
l3cqqw2,1
l3d82nx,3
l3dkqxs,1
l3en369,1
l3fnacw,1
l3g4hst,1
l3ggwb8,1
l3hpupy,1
l3niokc,1
l3nwtx2,1
l3rmg3q,2
l3sfgo3,1
l3snjm1,2
l3t2q56,1
l3uz179,1
l3vgszb,1
l3w6i63,2
l41le9a,1
l41pu7a,2
l46nu6h,2
l48bjvu,1
l49j4jo,4
l49seio,1
l4auod9,2
l4dp6xu,1
l4dx4g7,2
l4einf4,1
l4k57uk,1
l4rs7zf,1
l4t4xns,2
l522o16,1
l537125,1
l54ieos,3
l54u6ei,1
l55r7ac,1
l56guzf,2
l573942,3
l57gjdj,1
l65zu4i,2
l6k4fev,1
l6khcjb,2
l6khhjh,1
l6kt1e0,1
l6kv5en,1
l6kvjeo,2
l6l0708,1
l6l1w85,2
l6l4uwk,2
l6lws1h,1
l6m2j3d,2
l6mbqg5,2
l6meg1m,1
l6mirm4,2
l6mpyxb,2
l6mw8ta,1
l6ng9p3,1
l6nklvu,1
l6o120z,2
l6odxhx,2
l6om2wu,1
l6onnm8,2
l6oyq7k,1
l6p087l,1
l6py561,1
l6q4291,2
l6qb3bz,2
l6qvcxv,1
l6qw7es,2
l6r1rn7,2
l6rew6d,2
l6risbk,2
l6rp227,1
l6rp41s,2
l6rq4ru,1
l6rrgdx,2
l6rvhvz,1
l6ryuhg,1
l6s1cao,1
l6s2ef4,1
l6s2p7t,2
l6s51e1,3
l6s9ei5,2
l6sal7w,3
l6sd6oo,4
l6sudyz,2
l6u14px,1
l6u5vyu,3
l6uwfg1,1
l6v10jb,1
l6vrnfm,1
l6vt1az,2
l6w0o36,2
l6w4guy,1
l6xny18,1
l6xy880,1
l6y5teb,1
l6yfi14,1
l6z977c,2
l6zdi1c,2
l6zyh5t,2
l70as1k,1
l714p8n,1
l71ksg3,1
l72bme4,2
l72nnqi,2
l72ta8i,1
l73nnts,2
l760b9l,1
l77r6ih,1
l790qvs,2
l79dtz0,1
l79es0c,3
l7dm8hy,3
l7dpzgk,1
l7ecihj,1
l7g16mh,1
l7i98zh,1
l7kerxt,1
l7laead,2
l7lzigt,1
l7ncmbj,1
l7o86qo,3
l7p9kvv,1
l7pibku,1
l7s87af,1
l7svzkj,2
l7trpe4,1
l7u5fms,4
l7wqkbk,1
l7x5b7d,2
l7xa0k5,1
l7y0yna,1
l838r8f,1
l84nrs4,3
l88z49r,1
l8949pl,2
l8b58k0,1
l8btroz,2
l8cxazi,1
l8e5rl4,2
l8fxia8,2
l8gmza0,1
l8h40vh,1
l8im1ya,1
l8isnfn,1
l8ln2d2,1
l8q7d0y,2
l8sfh53,2
l8swu64,3
l8uycy6,2
l8wd9qg,1
l92i3mk,1
l92w1m2,2
l93cn9w,2
l97nj13,2
l9bha7t,1
l9efspx,1
l9m2gvc,1
l9m75lm,1
l9mfe8y,2
l9s9asv,1
l9xe3xr,3
la0a50u,1
la0y7vo,2
la4zhg6,4
la77f40,1
laekc2h,2
lajq6tn,3
laklnoq,3
laqnss2,1
lb2cxri,2
lb381qt,2
lb3bjvg,1
lb3quqk,1
lb41xbd,2
lb427j1,1
lb46qdu,1
lb4govv,1
lb4lb42,2
lb5f89m,3
lb5kqn2,2
lb5rpcf,2
lb637qt,2
lb65lwr,1
lb65yh8,1
lb6kfvh,3
lb6s8yu,1
lb6ugzf,1
lb6xqi6,2
lb76ksq,3
lb7k232,1
lb86as1,4
lb8h8a3,1
lb8uvc8,2
lb9ygdo,2
lb9zyoj,3
lbb6jj4,2
lbbgh6u,3
lbc07zb,2
lbc0fvi,1
lbc7hwg,2
lbcaq0q,1
lbcmxff,3
lbd4l4x,1
lbdlj9g,4
lbffgtq,1
lbfj3t9,2
lbfk7kx,1
lbg6606,4
lbg6hq6,2
lbgy3g7,1
lbhuql1,1
lbi30x3,2
lbixa7u,2
lbjs4sg,1
lbkbtd7,2
lbm1ba1,1
lbnw8xy,2
lbo6mw7,2
lbqgimq,1
lbqgooj,1
lbr90w8,1
lbsoctv,2
lbsq2c3,1
lbt8y6g,2
lbuh1m8,1
lbvkmxs,1
lbw29k8,1
lbxkw8a,1
lc04pw0,1
lc0v3up,3
lc4tsdx,2
lc61hjr,2
lc6zq0l,1
lc7naq7,2
lc7sh70,1
lc80e69,2
lc836is,2
lc9pxs4,1
lcac26x,1
lcaqifn,1
lcarqkx,1
lcbmr7g,3
lce42w4,1
lce8789,1
lcf67lj,1
lcfc3sv,1
lcgnwz2,2
lchso7g,1
lcibqy7,2
lcjdmpw,3
lcjgu0q,1
lcke3xo,2
lckia6l,1
lcoel2h,2
lcrna79,1
lcrvno7,1
lcvhs4s,1
lcvsr0r,2
ld0qa21,1
ld2zl9s,1
ld4mdy9,2
ld5u2hq,1
ld6vbyt,1
ld7b0v8,1
ld7cevt,1
ld8xqcb,2
lddm5ih,2
lddrre1,1
lde58al,2
ldhwn4h,2
ldj1wft,1
ldktqcp,1
ldrl869,2
le0yh46,2
le4cbsg,3
le5semk,3
lef01cs,4
lefrnum,1
legfyz1,2
lejyjjw,2
lesehqj,1
leyfgde,3
lf76bf2,1
lf7bdsa,1
lfduzvd,1
lfqrigi,2
lfxbwrs,1
lfxeyxd,1
lfxiz9j,1
lfxj021,1
lfxvvfb,1
lfy0gcq,2
lfyhiop,3
lfz4feg,2
lfz5ols,1
lfzca9z,2
lfzpyhl,2
lfzsfzz,2
lg0djhz,1
lg0s1za,3
lg0unk8,1
lg0xuan,4
lg124f3,2
lg1kfb2,1
lg1leje,1
lg1ujcn,2
lg1yxts,1
lg24m8j,1
lg3nual,2
lg4xfmp,1
lg5obhs,1
lg73iyh,2
lg76fks,1
lg799nf,1
lg80uo2,1
lg87ebf,1
lg8btkx,2
lg8m018,2
lg8v2mh,3
lg8xs39,1
lg9mdil,1
lgaep8w,1
lgb5hoe,2
lgcbqbg,3
lgcoud7,2
lgdzo96,3
lgf89g3,2
lgfr4vq,3
lgfudr4,1
lgfwm40,1
lggsyka,1
lghcl04,4
lgi10fc,2
lgi8aya,2
lgiigux,1
lginhon,1
lgiz2ze,1
lgj3swl,1
lgj4tj9,3
lgjuvrq,2
lgjyw3v,2
lgl4n9y,1
lgl8wr4,2
lgl8y5w,1
lgld3is,4
lglgts0,2
lgmgcdn,1
lgml786,1
lgmsoyv,1
lgn9orr,1
lgnu4yq,1
lgo1hxz,3
lgol8rq,2
lgop9u4,1
lgopql9,1
lgor47e,1
lgqndv7,1
lgrh2p4,3
lgsail1,1
lgvee0m,1
lgw89me,1
lgyi8rk,1
lgz1cq0,2
lgzgzm9,2
lh0jjxt,2
lh2bmpu,3
lh3ob2j,1
lh3ooi5,1
lh57i4r,3
lh734oh,2
lh74813,2
lhb6z9q,1
lhbgaoi,1
lhbzji2,3
lhc8v85,1
lhdieha,1
lhirnjl,2
lho1aig,2
lhonnmh,3
lhqq35v,1
lhscwl0,2
lhsg2si,1
lhtt85i,1
lhvecs8,2
lhvm6fn,1
lhw17xr,1
lhxj294,2
lhxtzsh,1
lhxys7h,2
lhyyr0d,1
li0l6qn,2
li35rhp,1
li3z8em,2
li45je8,2
li4r16m,1
li5o3z2,1
li7lvza,1
limo28u,2
liw5mmu,1
liw6c1m,1
liwct4s,2
lixy308,2
lj2jf48,4
lj50z34,1
lj5hf9x,1
lj7ssj9,2
lj83vp6,1
ljestc9,4
ljg4dlj,1
ljh8un2,1
ljjnbd3,2
ljkw89z,4
ljleyci,1
ljq88s9,3
ljsql6g,3
lkxcxtw,1
lkxzp94,1
lkyugoq,1
lkz3gk1,1
lkz4gjh,2
lkz9262,1
lkzs96r,1
ll063it,1
ll0b656,1
ll0t2ex,2
ll0zu4i,1
ll12ck7,2
ll1bg9l,2
ll1fgk5,1
ll1i7iz,1
ll1pa58,1
ll22b07,1
ll2grc2,1
ll31nun,1
ll3j1oi,1
ll3nefv,1
ll3nsww,1
ll3rdzl,2
ll3xq9r,1
ll4kdvx,1
ll52yjx,1
ll5fxj3,2
ll5vjq0,2
ll669el,2
ll686v4,2
ll6byxt,2
ll6g9ze,1
ll70fb3,1
ll7bdnt,2
ll7hdgq,2
ll7stgq,1
ll86ypi,3
ll8htgp,2
ll9dmdf,1
ll9j6yy,1
llahqm7,1
llam0q5,1
llculpu,1
llditzv,1
lldpixx,1
lldra0h,1
lldz148,2
lle7wbf,2
llesohv,1
llfq8vd,3
llfqbfk,1
llga7m9,1
llgbqmk,1
llgexty,1
llgokq1,1
llh3plk,1
llh3xot,2
llh7pug,2
llhmr3s,1
llhovoo,1
lli7hwp,1
llihsu8,1
lljzp2m,1
llk4fik,4
llko9gd,1
lllgt1p,4
llmc65a,1
llnqi9w,1
llphvxe,1
llpm236,1
llpmh0l,1
llpo8dz,1
llq14e6,1
llq8m6w,3
llrh0q3,2
llsf4nv,1
llsk9rj,1
lltgz2w,2
lltxuhn,2
lluyuk5,1
llvd9t2,1
llvmma0,3
llwaoff,1
llwo84s,1
llybsdf,1
llymx9z,2
llyzj1y,2
lm1j2om,1
lm2r3q0,1
lm7op6h,2
lmco1cu,1
lmcya5q,2
lmgel54,3
lmgg71m,3
lmj9xsg,1
lmlx2u4,1
lmmxvrx,2
lmrtknr,1
lmv9fvd,1
lmz8znp,2
lmzf399,1
lmzv9w2,3
ln02fno,2
ln0c8je,3
ln0lqnq,1
ln1jii0,1
ln2y1y2,2
ln31kfu,1
ln5ho8v,1
ln6wzxj,1
ln6x4xu,1
ln6zgm0,2
ln8414i,2
ln96nyb,1
lnd5qj3,1
lnun24i,1
lnurrlk,3
lnw2duu,1
lnzo48j,1
lo0vsmr,2
lo5ptb5,1
lo6dn9w,5
loarh1l,1
loc7x5a,1
lodt7sn,2
lof0jg0,1
lof64a5,2
loxhazb,2
lp38k7f,1
lp4knx5,1
lpaucka,2
lpqtge8,2
lpqxwfe,1
lprs898,3
lps5v26,1
lps82ax,1
lpsfvkj,1
lptd41t,1
lptgnmy,1
lptkihx,2
lptmr2y,1
lptoau8,2
lpupa52,2
lpv0das,3
lpvfsrz,2
lpvhn85,1
lpvho9z,1
lpvraaw,2
lpvxh93,1
lpw190r,2
lpwz4oo,2
lpxlrsm,2
lpxu3f9,2
lpyovi6,2
lq0fab7,1
lq0gjrf,1
lq0h2mj,2
lq0l26y,1
lq0mhrt,3
lq1e0ti,1
lq1ncbd,1
lq2iiz1,2
lq3czuh,1
lq499bx,1
lq4kize,1
lq513y6,2
lq51e7b,1
lq51uw3,1
lq5qbz0,2
lq5sgsd,2
lq7up4b,3
lqabrtt,1
lqad0li,2
lqaji19,2
lqamhxs,1
lqan0ee,1
lqax035,4
lqb1bqg,2
lqbaneb,1
lqbo8y6,1
lqc40aw,1
lqdfkxg,1
lqdovq5,1
lqe178z,1
lqehnyy,1
lqelvmp,2
lqeuyhh,2
lqezywh,1
lqfase9,2
lqfj8ny,1
lqfrrks,1
lqgqrqh,2
lqh5nti,3
lqh79hk,1
lqhdua1,1
lqj6oa3,1
lqjss5d,2
lqk16qh,1
lqkm5eg,1
lqky54y,1
lqltkan,2
lqm43rd,1
lqnvkxc,1
lqomo9h,3
lqr7s4q,2
lqrh3sa,3
lqse7p4,1
lqud4a1,3
lqv1cw8,2
lqvgjyj,2
lqvmq37,2
lqw3ghn,2
lqwfr0u,2
lqxkpmc,1
lqxub6u,1
lqyac6g,2
lqza6i4,1
lqzcuoo,1
lr0hlsf,2
lr0mcgv,1
lr36y9w,1
lr3xwxb,2
lr4bmm5,2
lr8t35q,1
lr9lywi,1
lrckl75,2
lre3tti,2
lrexj5v,2
lrfybwq,1
lrg5fju,2
lrhs18r,1
lrioonb,2
lrkfell,1
lrm5v9a,2
lrpn286,1
lrth2z9,1
lrwhik0,1
lryctq2,2
lryofjt,3
lrz7i8x,1
ls1ubu2,3
ls2twjb,3
ls33p17,2
ls3nvnd,2
ls7pfj0,1
ls8sqdc,1
ls9q4ff,2
lsa8e89,3
lsaihu2,3
lsaobvg,1
lsedfzg,1
lshsvjv,3
lskd861,3
lsnh3gq,2
lsrltdc,1
lt0gxt2,3
ltd7qcg,2
ltdqp04,3
ltj0o1z,3
ltnfe8j,1
lu1o1f8,2
luc41e3,1
luh5gcc,1
lustyit,2
lutp854,2
luv0oo0,1
luv4niz,1
luwubn5,2
lux554c,1
luxc02u,2
luxc9vy,1
luxlzke,1
luxzloa,1
luy3khu,1
luyq38v,2
luyvqpd,1
luz1dkt,2
luz97e3,3
luzhugx,2
lv03zx4,1
lv07j8j,1
lv0cly7,1
lv0cnwi,1
lv0fdog,2
lv1c4fr,2
lv27i3f,2
lv2cn74,1
lv2j6ot,1
lv2q22z,1
lv37g8q,1
lv549ne,2
lv585ah,2
lv5ccl0,2
lv5chyq,1
lv5qpa1,1
lv5r9ld,2
lv5xmug,1
lv69mci,1
lv6tzv8,1
lva43yo,1
lva8n76,1
lvbqbjw,2
lvdlq73,2
lvf41p9,3
lvf4763,2
lvfpt0w,1
lvfzf2y,1
lvh42yd,2
lvhdg3l,1
lvia4ry,1
lvk2y7o,2
lvlafhl,2
lvm0k6r,2
lvmge3p,1
lvmrfs2,2
lvocf2z,1
lvocxmp,1
lvph27j,1
lvpp2iy,1
lvrw7xj,1
lvsk0fd,1
lvt3ums,3
lvwa8i2,1
lvxafhv,1
lvzpbgr,1
lw0p0bm,1
lw0vlfu,2
lw3tukc,1
lw49itz,1
lw51zzc,1
lw62802,1
lw9rmyj,1
lwaebq4,1
lwd316m,1
lwddqr4,2
lwdez6r,1
lwds0av,1
lwgoxbt,2
lwh3byh,2
lwisp2u,1
lwivtne,1
lwjcayx,1
lwjm224,2
lwjvi0d,1
lwld583,3
lwluml9,1
lwlz3cp,2
lwmzy9t,2
lwnnep1,1
lwonm7b,1
lwrjbm2,3
lwrqhts,1
lwwavys,2
lwx9d19,2
lwyj287,1
lx5q7yh,1
lx8lgyo,1
lxaxqla,1
lxcpjp3,2
lxffh7n,2
lxiczks,1
lxkxhio,1
lxm2q79,1
lxq8qve,1
lxqnb30,3
lxr057s,1
lxrqqlg,1
lxtcod7,1
lxw3v7k,1
lxx0a40,1
ly0lv63,1
ly0sill,1
ly0z966,1
ly1fpt4,2
ly8cn1a,2
lyd1slm,3
lyf8o2t,2
lyi6xgr,1
lytlnq1,2
lytwa0s,1
lz3vsve,1
lzasfwr,1
lzcv1kq,3
lzczytr,1
lzesozm,1
lzo2dfp,1
lztx1ge,2
lztzetw,2
lzuo6j4,2
lzv7y49,1
lzv9ihi,1
lzvdtut,1
lzvst4l,1
lzwjrek,1
lzwl6wv,1
lzwwa74,1
lzwwiy1,1
lzx26dp,1
lzx8uuk,1
lzygbbv,1
lzyod91,1
lzzdgqk,1
lzzmwtz,1
lzznjb0,2
m008zyo,2
m009nvy,2
m01dbbq,1
m022d45,3
m024q0p,1
m0266od,1
m026fwq,1
m034o19,1
m034v38,1
m036rm0,2
m03jyne,3
m04ih0y,1
m04ljhi,1
m04t7lb,1
m04z12v,1
m05jhyg,1
m05n95r,1
m06kj7w,1
m073trx,1
m075wtw,1
m0772tv,3
m07xio6,2
m083mp9,3
m08xs3g,2
m09i6uy,1
m09kp6c,2
m0aa832,3
m0az4ck,2
m0bnj97,2
m0byl45,2
m0cdf58,1
m0csmvz,2
m0doqj0,1
m0f7o05,1
m0fxj0u,1
m0g512u,1
m0g8k3c,2
m0gnh5m,1
m0h2p56,2
m0hcjgo,2
m0iixnb,1
m0iskrr,1
m0kgd49,1
m0koqgl,1
m0lampm,1
m0mruu9,2
m0pt207,1
m0pwkcy,2
m0rcej4,2
m0rlrxi,1
m0rna9i,1
m0s02p5,1
m0sf0ys,1
m0tk7le,1
m0tn3j0,1
m0tvwgy,1
m0u12b5,1
m0ve0k8,1
m0vrp5y,1
m0vrxlb,1
m100yjo,1
m10z8sn,1
m11ixmo,2
m13tl6r,2
m14nf6j,1
m14vdmn,2
m16qkp6,1
m17uctw,1
m190zvp,1
m192una,1
m1b9m70,1
m1bgp5t,1
m1ee6j6,2
m1er1ns,2
m1f1pls,1
m1geb1i,1
m1l5i1s,1
m1n3gqd,1
m1okfuq,1
m1q9yv8,1
m1rswrb,1
m1t0wvs,1
m1ux5oe,1
m1wn21a,1
m1xxw6m,2
m1y6qcd,1
m1yavvr,2
m20bday,3
m20p4x2,1
m22bysr,3
m22mk6u,2
m23c50j,1
m24xhpu,1
m268tyl,1
m269ags,2
m27x21n,1
m28hobs,1
m29mesz,1
m2a30aj,3
m2bimhv,2
m2i8bp7,3
m2mcd36,1
m2qavqn,2
m2ud6j2,2
m2v6nmz,2
m319alw,1
m32du1e,3
m37infw,2
m37qdni,2
m3aihgz,1
m3gakbp,1
m3k72tw,1
m3m710i,1
m3uiizz,1
m3uj15j,1
m3w390d,1
m427g5h,1
